Type,Name,Price,PriceDiff,Tag,Request_Processor,Request_Memory,Comment_All,Comment_Positive,Comment_Negative,TagMode,TagStyle,TagPerson,TagDimension,TagNumPlayer,Request_OS,Request_Graphics
bundle,Monster Hunter World: Iceborne Master Edition,607,1233,Action,Beginner,low,0,0,0,,Action,,,,,
bundle,Monster Hunter World: Iceborne Master Edition Digital Deluxe,762,1388,Action,Beginner,low,0,0,0,,Action,,,,,
bundle,Monster Hunter Rise + Sunbreak,925,925,Action,Beginner,low,0,0,0,,Action,,,,,
bundle,Forza Horizon Ultimate Driving Bundle,3704,0,"Action, Adventure, Racing, Simulation, Sports",Beginner,low,0,0,0,Simulation,"Action,Adventure",,,,,
game,GUILTY GEAR -STRIVE-,1193,0,"2D Fighter, Fighting, Anime, Great Soundtrack, PvP, 2.5D, Arcade, Lore-Rich, Action, 2D, 3D, Multiplayer, Story Rich, Fantasy, Local Multiplayer, Combat, Cinematic, Drama, Casual, Singleplayer, ",Intermediate,low,43436,39589,3847,,Action,,"2.5D,2D,3D","Multiplayer,Singleplayer",,
bundle,Party Animals Deluxe Edition,446,192,"Action, Casual, Indie",Beginner,low,0,0,0,,Action,,,,,
bundle,『OCTOPATH TRAVELER II』+『VARIOUS DAYLIFE』Bundle,1486,1174,"角色扮演, 冒險, 策略",Beginner,low,0,0,0,,,,,,,
game,FreshWomen - Season 1,166,82,"Sexual Content, Nudity, Mature, NSFW, Visual Novel, Hentai, Realistic, Choices Matter, Romance, Dating Sim, Story Rich, Singleplayer, Multiple Endings, Choose Your Own Adventure, Replay Value, Episodic, Drama, Adventure, Comedy, Indie, ",Beginner,low,14193,13649,544,,Adventure,,,Singleplayer,,
game,Parasitic Evil,159,29,"Sexual Content, Nudity, Hentai, Mature, NSFW, Shooter, Exploration, Puzzle, Side Scroller, Atmospheric, Cinematic, Surreal, Adventure, Action, Psychological Horror, Simulation, Action RPG, Anime, Cute, Modern, ",Beginner,low,184,179,5,Simulation,"Adventure,Action",,,,,
game,Darkest Dungeon® II: The Binding Blade,188,0,"Strategy, RPG, Indie, ",Intermediate,normal,117,98,19,RPG,Strategy,,,,,
bundle,Little Nightmares I & II,382,1416,Adventure,Beginner,low,0,0,0,,Adventure,,,,,
bundle,ROMANCE OF THE THREE KINGDOMS XIV: Diplomacy and Strategy Expansion Pack Bundle - Digital Deluxe Edition,1790,0,Simulation,Beginner,low,0,0,0,Simulation,,,,,,
game,Apocalypse Party,169,19,"Casual, Singleplayer, Action Roguelike, Online Co-Op, Top-Down Shooter, Shoot 'Em Up, Roguelite, Bullet Hell, Roguelike, Cartoony, Top-Down, 3D, Zombies, Strategy, Vampire, Co-op, Funny, Dark Humor, Action, Multiplayer, ",Beginner,low,2317,1616,701,"Shoot 'Em Up,Roguelike","Strategy,Co-op,Action",,3D,"Singleplayer,Multiplayer",,
game,Assetto Corsa Competizione,1190,0,"Racing, Automobile Sim, Simulation, Multiplayer, VR, Driving, Realistic, Sports, Singleplayer, Controller, eSports, Open World, Early Access, First-Person, Competitive, Online Co-Op, Atmospheric, Moddable, Difficult, Action, ",Intermediate,low,29548,27146,2402,Simulation,Action,,,"Multiplayer,Singleplayer",,
bundle,Dying Light 2 Winter Tales Edition,895,895,"Action, Adventure, RPG",Beginner,low,0,0,0,RPG,"Action,Adventure",,,,,
game,Days Gone,1190,0,"Open World, Zombies, Survival, Singleplayer, Post-apocalyptic, Multiplayer, Action, Action-Adventure, Third Person, Story Rich, Open World Survival Craft, Adventure, Horror, Crafting, Motorbike, Survival Horror, Third-Person Shooter, Violent, Gore, Cinematic, ",Intermediate,normal,71370,66303,5067,,"Survival,Action,Adventure",Third Person,,"Singleplayer,Multiplayer",,
game,暖雪 Warm Snow,298,0,"Action Roguelike, RPG, Action, Roguelike, Mythology, Dark Fantasy, Top-Down, Character Customization, Singleplayer, Multiple Endings, Demons, Foreign, Story Rich, Indie, Adventure, 2D, Action-Adventure, Roguelite, Martial Arts, Sexual Content, ",Beginner,low,29831,27704,2127,"RPG,Roguelike","Action,Adventure",,2D,Singleplayer,,
game,Assassin's Creed® Odyssey,340,1359,"Open World, RPG, Historical, Singleplayer, Action, Assassin, Third Person, Adventure, Multiple Endings, Mythology, Stealth, Story Rich, Female Protagonist, Parkour, Choices Matter, Exploration, Action RPG, Action-Adventure, Multiplayer, Choose Your Own Adventure, ",Intermediate,normal,147085,131292,15793,RPG,"Action,Adventure",Third Person,,"Singleplayer,Multiplayer",,
game,Dying Light 2 Stay Human,895,895,"Co-op, Open World, Zombies, Parkour, Multiplayer, Exploration, Horror, Combat, Gore, Post-apocalyptic, First-Person, Action RPG, Survival, Singleplayer, Action-Adventure, Adventure, Action, Violent, Multiple Endings, Choices Matter, ",Beginner,normal,150200,117356,32844,,"Co-op,Survival,Adventure,Action",,,"Multiplayer,Singleplayer",,
game,Wo Long: Fallen Dynasty,1790,0,"Action, Souls-like, RPG, Difficult, Action RPG, Dark Fantasy, Historical, Hack and Slash, Singleplayer, Fantasy, Gore, Violent, JRPG, Character Customization, Martial Arts, Adventure, Co-op, Third Person, Atmospheric, Female Protagonist, ",Intermediate,normal,24126,11428,12698,RPG,"Action,Adventure,Co-op",Third Person,,Singleplayer,,
bundle,Assetto Corsa Ultimate Edition,763,0,"Indie, Racing, Simulation, Sports",Beginner,low,0,0,0,Simulation,,,,,,
game,Monster Hunter World: Iceborne Deluxe Kit,299,161,"Action, ",Intermediate,normal,224,183,41,,Action,,,,,
bundle,Ghost Recon Bundle,2673,1433,"Action, Adventure",Beginner,low,0,0,0,,"Action,Adventure",,,,,
game,STAR OCEAN THE SECOND STORY R,1490,0,"RPG, JRPG, Action, Action RPG, Pixel Graphics, PvE, 2D Platformer, Story Rich, Multiple Endings, 2D, Space, Fantasy, 1990's, Retro, Singleplayer, Remake, Anime, Sci-fi, 2.5D, Female Protagonist, ",Beginner,normal,2233,2166,67,RPG,Action,,"2D,2.5D",Singleplayer,,
game,末日战姬-二次元.策略.卡牌.游戏,0,0,"Free to Play, RPG, Strategy, Card Game, JRPG, Cute, Trading Card Game, Casual, Anime, Turn-Based Tactics, PvP, Singleplayer, Multiplayer, Turn-Based Strategy, Strategy RPG, Card Battler, Drama, Sci-fi, Co-op, Online Co-Op, ",Beginner,low,867,791,76,RPG,"Strategy,Co-op",,,"Singleplayer,Multiplayer",,
game,Chivalry 2,227,341,"Massively Multiplayer, Swordplay, Medieval, Hack and Slash, Historical, Gore, Action, Multiplayer, PvP, First-Person, War, Combat, FPS, 3D, Military, Third Person, Atmospheric, Comedy, Wargame, 3D Fighter, ",Beginner,normal,32295,26353,5942,,Action,Third Person,3D,Multiplayer,,
game,Yu-Gi-Oh! Duel Links,0,0,"Free to Play, Card Game, Anime, Strategy, Multiplayer, Trading Card Game, Singleplayer, Turn-Based, Competitive, Casual, RPG, Memes, Great Soundtrack, Online Co-Op, Action, Adventure, Simulation, Massively Multiplayer, Psychological Horror, MMORPG, ",Beginner,low,41189,34527,6662,"RPG,Simulation","Strategy,Action,Adventure",,,"Multiplayer,Singleplayer",,
game,Assetto Corsa,318,0,"Racing, Automobile Sim, Simulation, Driving, Multiplayer, Realistic, VR, Sports, Moddable, Controller, Open World, Physics, Singleplayer, First-Person, Indie, Replay Value, Action, 3D Vision, TrackIR, Artificial Intelligence, ",Beginner,low,111275,102988,8287,Simulation,Action,,,"Multiplayer,Singleplayer",,
game,For the Queen,82,0,"Hentai, Sexual Content, NSFW, Strategy, Auto Battler, Dating Sim, 2D, Atmospheric, Adventure, Simulation, Combat, Singleplayer, Nudity, Roguelite, Fantasy, Indie, Violent, Mature, ",Beginner,low,405,343,62,Simulation,"Strategy,Adventure",,2D,Singleplayer,,
bundle,Resident Evil/Biohazard Collector's Pack,1825,4190,"動作, 冒險",Beginner,low,0,0,0,,,,,,,
game,Party Animals - Deluxe Pack,153,66,"Action, Casual, Indie, ",Intermediate,normal,176,88,88,,Action,,,,,
game,Night of the Dead,378,0,"Early Access, Survival, Zombies, Base Building, Multiplayer, Open World, Female Protagonist, Open World Survival Craft, Tower Defense, Building, Sandbox, PvE, Simulation, Hunting, Action, PvP, Survival Horror, Adventure, Third Person, Horror, ",Beginner,high,9622,7610,2012,Simulation,"Survival,Action,Adventure",Third Person,,Multiplayer,,
game,LastCloudia,0,0,"RPG, Adventure, Action RPG, Card Game, MMORPG, Clicker, JRPG, Card Battler, 2D Fighter, Pixel Graphics, 3D Platformer, Cinematic, 3D, Story Rich, Lore-Rich, Fantasy, Superhero, Comic Book, Magic, Dragons, ",Beginner,low,729,550,179,RPG,Adventure,,3D,,,
game,Action Taimanin,0,0,"Sexual Content, Nudity, Mature, Hentai, Free to Play, Female Protagonist, NSFW, Anime, 3D, Action, Hack and Slash, RPG, Singleplayer, Action RPG, Fighting, Adventure, Third Person, Ninja, FPS, Multiplayer, ",Intermediate,low,16945,14167,2778,RPG,"Action,Adventure",Third Person,3D,"Singleplayer,Multiplayer",,
bundle,Grand Theft Auto V: Premium Edition,482,817,"Action, Adventure",Beginner,low,0,0,0,,"Action, Adventure",,,,,
bundle,Complete Flipping Experience,940,114,"Indie, Simulation, Casual",Beginner,low,0,0,0,Simulation,,,,,,
bundle,FINAL FANTASY XV EPISODE ARDYN COMPLETE EDITION,712,1068,角色扮演,Beginner,low,0,0,0,,,,,,,
bundle,The Yakuza Bundle,1863,0,"Action, Adventure, RPG",Beginner,low,0,0,0,RPG,"Action, Adventure",,,,,
bundle,House Flipper Franchise Bundle,1797,517,"Indie, Simulation, Casual",Beginner,low,0,0,0,Simulation,,,,,,
game,Phantasy Star Online 2 New Genesis,0,0,"Free to Play, MMORPG, Anime, Character Customization, Multiplayer, RPG, Action, Online Co-Op, JRPG, Massively Multiplayer, Sci-fi, Action RPG, Fantasy, Open World, Mechs, Co-op, Cute, Nudity, Great Soundtrack, Sexual Content, ",Beginner,normal,22470,15998,6472,RPG,"Action, Co-op",,,Multiplayer,,
bundle,NejicomiSimulator Complete Pack,1813,1027,"Casual, Indie, Simulation",Beginner,low,0,0,0,Simulation,,,,,,
game,SYNCED,0,0,"Third Person, Adventure, Co-op, Post-apocalyptic, Futuristic, Sci-fi, PvE, Free to Play, Online Co-Op, Third-Person Shooter, PvP, Looter Shooter, Team-Based, Hero Shooter, Robots, Action-Adventure, Singleplayer, Multiplayer, Battle Royale, Roguelite, ",Advanced,normal,4374,2971,1403,Battle Royale,"Adventure, Co-op",Third Person,,"Singleplayer, Multiplayer",,
bundle,NARUTO SHIPPUDEN: Ultimate Ninja STORM Legacy,1822,0,"Action, Adventure, Strategy",Beginner,low,0,0,0,,"Action, Adventure, Strategy",,,,,
game,CRISIS CORE –FINAL FANTASY VII– REUNION,894,596,"Action, RPG, Adventure, JRPG, Action RPG, Action-Adventure, Party-Based RPG, 3D Platformer, Spectacle fighter, 3D, Cinematic, Third Person, Realistic, Drama, Fantasy, Magic, Sci-fi, Story Rich, Controller, Singleplayer, ",Beginner,normal,5057,4613,444,RPG,"Action, Adventure",Third Person,3D,Singleplayer,,
bundle,Rust + DLC Bundle,671,819,"動作, 冒險, 獨立製作, 大型多人連線, 角色扮演",Beginner,low,0,0,0,,,,,,,
game,Conan Exiles,399,600,"Survival, Open World, Nudity, Building, Open World Survival Craft, Crafting, Multiplayer, Sandbox, RPG, Massively Multiplayer, Adventure, Action, Online Co-Op, Exploration, Violent, Singleplayer, Co-op, Fantasy, Gore, PvP, ",Intermediate,normal,97234,76347,20887,RPG,"Survival, Adventure, Action, Co-op",,,"Multiplayer, Singleplayer",,
game,Age of Empires IV:  The Sultans Ascend,398,0,"Strategy, RTS, ",Intermediate,normal,1169,896,273,RTS,Strategy,,,,,
bundle,DayZ Livonia Edition,1519,0,"動作, 冒險, 大型多人連線",Beginner,low,0,0,0,,,,,,,
game,Team Fortress 2,0,0,"Free to Play, Hero Shooter, Multiplayer, FPS, Shooter, Action, Class-Based, Team-Based, Funny, First-Person, Online Co-Op, Competitive, Cartoony, Trading, Co-op, Comedy, Robots, Tactical, Cartoon, Crafting, ",Beginner,low,1014911,953363,61548,,"Action, Co-op",,,Multiplayer,,
game,Crossing Frontier: Fate Foretold,241,27,"Action, Arcade, 2D, PvE, Multiplayer, PvP, Top-Down, Side Scroller, Anime, Drama, Singleplayer, 2D Platformer, Co-op, Online Co-Op, eSports, Action-Adventure, Medieval, Alternate History, Modern, Sci-fi, ",Beginner,low,69,65,4,,"Action, Co-op",,2D,"Multiplayer, Singleplayer",,
bundle,Shiravune Dark Dreamers Bundle 2,1859,0,"Adventure, Simulation",Beginner,low,0,0,0,Simulation,Adventure,,,,,
game,Medieval Dynasty,1013,264,"Multiplayer, Co-op, Medieval, Open World, Atmospheric, RPG, Singleplayer, Survival, Realistic, Adventure, Historical, Simulation, First-Person, Action, Base Building, Management, Indie, Sandbox, Horses, Relaxing, ",Intermediate,normal,34332,31190,3142,"RPG, Simulation","Co-op, Survival, Adventure, Action",,,"Multiplayer, Singleplayer",,
game,Fallout 76,1199,0,"Dark Comedy, Open World, RPG, Post-apocalyptic, Multiplayer, Capitalism, Survival, Base Building, Co-op, Shooter, Horror, MMORPG, Exploration, Gore, FPS, Violent, Atmospheric, Singleplayer, Early Access, Great Soundtrack, ",Intermediate,normal,93531,67874,25657,RPG,"Survival, Co-op",,,"Multiplayer, Singleplayer",,
game,Valheim,190,128,"Open World Survival Craft, Survival, Online Co-Op, Open World, Multiplayer, Building, Crafting, Exploration, Base Building, Co-op, Sandbox, Adventure, Mythology, RPG, Early Access, Action, PvE, Indie, Singleplayer, Third Person, ",Beginner,normal,429630,407617,22013,RPG,"Survival, Co-op, Adventure, Action",Third Person,,"Multiplayer, Singleplayer",,
game,Dragon's Dogma 2,2180,0,"Action, RPG, Action RPG, Open World, Adventure, Dragons, Action-Adventure, Fantasy, Magic, Swordplay, Artificial Intelligence, Medieval, Physics, Singleplayer, Lore-Rich, Third Person, 3D, PvE, Exploration, Character Customization, ",Intermediate,high,0,0,0,RPG,"Action, Adventure",Third Person,3D,Singleplayer,,
game,GTFO,714,476,"Online Co-Op, Horror, Co-op, FPS, Difficult, Multiplayer, Shooter, Survival Horror, Action, Stealth, Tactical, Team-Based, First-Person, Gore, Zombies, PvE, Character Customization, Atmospheric, Violent, Replay Value, ",Intermediate,normal,53003,44795,8208,,"Co-op, Action",,,Multiplayer,,
game,The Exit 8,82,0,"Psychological Horror, Walking Simulator, Horror, Exploration, First-Person, Immersive Sim, 3D, Atmospheric, Surreal, Puzzle, Funny, Linear, Controller, Simulation, Realistic, Psychological, Mystery, Adventure, Modern, Cinematic, ",Advanced,normal,2727,2570,157,Simulation,Adventure,,3D,,,
bundle,Conan Exiles – 完整版,1969,1400,"動作, 冒險, 大型多人連線, 角色扮演, 模擬, 策略",Beginner,low,0,0,0,,,,,,,
game,Darkest Dungeon® II,449,150,"Turn-Based Tactics, Roguelite, Dark Fantasy, Dungeon Crawler, Lovecraftian, Singleplayer, Perma Death, CRPG, Roguelike, Story Rich, Turn-Based, 2D, Hand-drawn, Party-Based RPG, Procedural Generation, Gothic, Turn-Based Strategy, Turn-Based Combat, RPG, Stylized, ",Intermediate,normal,12368,9470,2898,"Roguelike, RPG",,,2D,Singleplayer,,
game,Assassin's Creed Valhalla,1699,0,"Action, Open World, RPG, Adventure, Sexual Content, Singleplayer, Vikings, Action-Adventure, Third Person, Multiplayer, Nudity, Violent, Action RPG, Stealth, Assassin, Gore, Historical, Story Rich, Female Protagonist, Atmospheric, ",Intermediate,normal,17140,11905,5235,RPG,"Action, Adventure",Third Person,,"Singleplayer, Multiplayer",,
bundle,Thief Flipper 2 Bundle,582,392,"Casual, Indie, Simulation, Action, Adventure",Beginner,low,0,0,0,Simulation,"Action, Adventure",,,,,
bundle,Ys VIII: Lacrimosa of Dana Digital Limited Edition,1086,0,"Action, RPG",Beginner,low,0,0,0,RPG,Action,,,,,
game,House Flipper 2,581,65,"Simulation, Design & Illustration, Building, Casual, Relaxing, Destruction, Sandbox, Family Friendly, Education, Immersive Sim, 3D, First-Person, Indie, Management, Base Building, Singleplayer, Colorful, Replay Value, Economy, Realistic, ",Intermediate,normal,1279,1102,177,Simulation,,,3D,Singleplayer,,
game,Rust,347,347,"Survival, Crafting, Multiplayer, Open World, Open World Survival Craft, Building, PvP, Sandbox, Adventure, First-Person, Action, Nudity, FPS, Shooter, Co-op, Online Co-Op, Indie, Early Access, Post-apocalyptic, Simulation, ",Advanced,high,999502,870487,129015,Simulation,"Survival, Adventure, Action, Co-op",,,Multiplayer,,
game,WITCH ON THE HOLY NIGHT,808,90,"Visual Novel, Adventure, Anime, 2D, Drama, Magic, Emotional, Female Protagonist, Choose Your Own Adventure, Singleplayer, Great Soundtrack, Story Rich, ",Beginner,normal,524,517,7,,Adventure,,2D,Singleplayer,,
game,ONE PIECE: PIRATE WARRIORS 4,178,1012,"Anime, Hack and Slash, Beat 'em up, Fighting, Pirates, Action, Split Screen, PvP, Arcade, Multiplayer, Co-op, Adventure, RPG, Musou, Local Co-Op, Comedy, Online Co-Op, Controller, Singleplayer, Open World, ",Intermediate,normal,16248,14948,1300,"Beat 'em up, RPG","Action, Co-op, Adventure",,,"Multiplayer, Singleplayer",,
bundle,Dredging & Diving Bundle,758,341,"Adventure, RPG, Casual, Indie, Simulation",Beginner,low,0,0,0,"RPG, Simulation",Adventure,,,,,
game,Dead Frontier 2,0,0,"Free to Play, Multiplayer, Survival Horror, Zombies, Third-Person Shooter, Horror, MMORPG, Online Co-Op, Survival, PvE, Massively Multiplayer, Gore, Sandbox, Inventory Management, Trading, Violent, Atmospheric, Post-apocalyptic, Action, RPG, ",Beginner,normal,23585,16783,6802,RPG,"Survival, Action",,,Multiplayer,,
game,"Warhammer 40,000: Rogue Trader",746,0,"Isometric, Exploration, Combat, Space, Choose Your Own Adventure, Tactical RPG, Action RPG, Collectathon, Open World, Multiple Endings, Controller, Futuristic, Colorful, Female Protagonist, Tactical, RPG, Warhammer 40K, CRPG, Choices Matter, Character Customization, ",Intermediate,normal,5793,4593,1200,RPG,,,,,,
game,Black Desert,20,180,"MMORPG, Massively Multiplayer, Open World, RPG, Character Customization, Adventure, Fantasy, Action, Strategy, 3D, Crafting, Medieval, Atmospheric, Simulation, Magic, Cooking, Multiplayer, PvP, War, Combat, ",Beginner,low,74889,56233,18656,"RPG, Simulation","Adventure, Action, Strategy",,3D,Multiplayer,,
game,NieR Replicant™ ver.1.22474487139...,716,1074,"Great Soundtrack, Story Rich, Action, RPG, JRPG, Adventure, Singleplayer, Hack and Slash, Atmospheric, Post-apocalyptic, Anime, Bullet Hell, Cult Classic, Dark Fantasy, Nudity, Action RPG, Violent, Magic, Character Action Game, Dark Humor, ",Intermediate,normal,22070,19464,2606,RPG,"Action, Adventure",,,Singleplayer,,
game,theHunter: Call of the Wild™,48,270,"Hunting, Open World, Multiplayer, Simulation, First-Person, Shooter, Survival, Realistic, Co-op, Adventure, FPS, Action, Singleplayer, Walking Simulator, Online Co-Op, Atmospheric, Sports, Combat, Strategy, Gore, ",Beginner,low,145728,128478,17250,Simulation,"Survival, Co-op, Adventure, Action, Strategy",,,"Multiplayer, Singleplayer",,
bundle,"Warhammer 40,000: Rogue Trader - Voidfarer Edition",1570,0,"Adventure, Indie, RPG, Strategy",Beginner,low,0,0,0,RPG,"Adventure, Strategy",,,,,
bundle,DAVE THE DIVER Deluxe Edition,367,143,"Adventure, Casual, Indie, RPG, Simulation",Beginner,low,0,0,0,"RPG, Simulation",Adventure,,,,,
game,Forza Horizon 4,283,575,"Racing, Open World, Driving, Multiplayer, Automobile Sim, Online Co-Op, Realistic, Singleplayer, Controller, Adventure, Arcade, PvP, Simulation, Exploration, Action, Sports, Atmospheric, Great Soundtrack, First-Person, Funny, ",Intermediate,normal,202711,181248,21463,Simulation,"Adventure, Action",,,"Multiplayer, Singleplayer",,
game,"Warhammer 40,000: Darktide",747,402,"Warhammer 40K, Gore, Online Co-Op, Adventure, PvE, Multiplayer, FPS, Shooter, Survival Horror, Hack and Slash, First-Person, Character Customization, Co-op, Action, Violent, Atmospheric, Sci-fi, Dark Fantasy, Looter Shooter, Horror, ",Intermediate,normal,87575,57421,30154,,"Adventure, Co-op, Action",,,Multiplayer,,
game,STRANGER OF PARADISE FINAL FANTASY ORIGIN,714,476,"Action, Adventure, RPG, Action RPG, JRPG, Spectacle fighter, 3D, Third Person, Atmospheric, Dark Fantasy, Dark, Fantasy, PvP, Multiplayer, Singleplayer, Souls-like, Online Co-Op, Story Rich, Violent, Character Customization, ",Advanced,normal,2178,1871,307,RPG,"Action, Adventure",Third Person,3D,"Multiplayer, Singleplayer",,
game,GrandChase,0,0,"Action, PvE, PvP, Action RPG, Free to Play, Casual, Online Co-Op, Hack and Slash, Character Customization, 2D Fighter, Story Rich, Multiplayer, Controller, Beat 'em up, Anime, 2.5D, Fantasy, Cute, 3D Fighter, Massively Multiplayer, ",Beginner,low,21465,12684,8781,Beat 'em up,Action,,2.5D,Multiplayer,,
game,For The King II,583,65,"Adventure, RPG, Strategy, Party-Based RPG, Board Game, Roguelike, Roguelite, Turn-Based Strategy, Tabletop, Turn-Based Combat, Fantasy, Multiplayer, Co-op, Online Co-Op, Hex Grid, Local Co-Op, Local Multiplayer, Open World, Singleplayer, PvP, ",Intermediate,normal,8597,6044,2553,"RPG, Board Game, Roguelike","Adventure, Strategy, Co-op",,,"Multiplayer, Singleplayer",,
game,Monster Hunter Rise: Sunbreak,672,448,"Action, Multiplayer, Co-op, RPG, Character Customization, Hunting, Action RPG, JRPG, Singleplayer, Online Co-Op, Open World, ",Intermediate,normal,5527,3500,2027,RPG,"Action, Co-op",,,"Multiplayer, Singleplayer",,
game,DREDGE,562,187,"Exploration, Fishing, Lovecraftian, Adventure, Mystery, Open World, Inventory Management, RPG, Simulation, Atmospheric, Psychological Horror, Stylized, Horror, Singleplayer, Survival Horror, Psychological, 3D, Story Rich, Sailing, Action RPG, ",Beginner,low,25077,24148,929,"RPG, Simulation",Adventure,,3D,Singleplayer,,
game,Planet Zoo,244,731,"Management, Simulation, Building, Sandbox, Nature, City Builder, Economy, Realistic, Singleplayer, Family Friendly, Cute, Resource Management, Strategy, Great Soundtrack, Multiplayer, Relaxing, Open World, Casual, Funny, Horses, ",Intermediate,normal,74512,67667,6845,Simulation,Strategy,,,"Singleplayer, Multiplayer",,
game,Otome Riron to Sono Shuuhen -École de Paris-,366,122,"Casual, Adventure, Interactive Fiction, Dating Sim, Visual Novel, 2D Platformer, Cartoony, Drama, Comedy, Story Rich, Multiple Endings, Singleplayer, ",Beginner,low,115,115,0,,Adventure,,,Singleplayer,,
game,World of Warships,0,0,"Naval Combat, Free to Play, Naval, World War II, Massively Multiplayer, Action, Multiplayer, Tactical, PvP, Historical, Military, Online Co-Op, Team-Based, Realistic, Shooter, Simulation, PvE, Third-Person Shooter, War, Co-op, ",Beginner,normal,132921,102405,30516,Simulation,"Action, Co-op",,,Multiplayer,,
game,Sword Art Online: Integral Factor,0,0,"RPG, Action, Adventure, MMORPG, Anime, Massively Multiplayer, Action RPG, 3D, Sci-fi, Multiplayer, Futuristic, PvE, Singleplayer, PvP, Free to Play, Online Co-Op, JRPG, Character Customization, ",Intermediate,normal,1207,745,462,RPG,"Action, Adventure",,3D,"Multiplayer, Singleplayer",,
game,TRIANGLE STRATEGY,895,895,"Turn-Based Tactics, Strategy RPG, RPG, Strategy, JRPG, Politics, War, Pixel Graphics, Simulation, 2D, Tabletop, Grid-Based Movement, Tactical, Singleplayer, Cats, Story Rich, Turn-Based Combat, Choices Matter, Tactical RPG, Visual Novel, ",Beginner,low,1990,1602,388,"RPG, Simulation",Strategy,,2D,Singleplayer,,
game,Pioneers of Pagonia,414,74,"Base Building, City Builder, Colony Sim, Economy, Building, Medieval, Exploration, Sandbox, Strategy, Management, Trading, 3D, Procedural Generation, Early Access, Simulation, Stylized, Fantasy, Singleplayer, Indie, Resource Management, ",Beginner,normal,1013,911,102,Simulation,Strategy,,3D,Singleplayer,,
bundle,Cities: Skylines - New Player Bundle,1675,0,"Simulation, Strategy",Beginner,low,0,0,0,Simulation,Strategy,,,,,
game,SCUM,372,373,"Survival, Open World Survival Craft, Multiplayer, Open World, Zombies, Nudity, Massively Multiplayer, Action, Adventure, Realistic, Early Access, Crafting, Singleplayer, FPS, Violent, Gore, PvP, Third Person, Indie, RPG, ",Intermediate,high,96556,71937,24619,RPG,"Survival, Action, Adventure",Third Person,,"Multiplayer, Singleplayer",,
bundle,theHunter: Call of the Wild™ - Master Hunter Bundle,285,1203,"Adventure, Simulation, Sports",Beginner,low,0,0,0,Simulation,Adventure,,,,,
game,Wartales,554,185,"RPG, Open World, Turn-Based Strategy, Party-Based RPG, Medieval, Co-op, Adventure, Strategy, Singleplayer, Multiplayer, Turn-Based Combat, Tactical RPG, Exploration, Survival, Sandbox, Turn-Based, Story Rich, Online Co-Op, Violent, Indie, ",Intermediate,normal,22007,20129,1878,RPG,"Co-op, Adventure, Strategy, Survival",,,"Singleplayer, Multiplayer",,
game,Return from Core,244,44,"Crafting, Early Access, Sandbox, Automation, Base Building, Adventure, Survival, Dungeon Crawler, Building, Exploration, Mining, Simulation, RPG, Farming Sim, Action RPG, Combat, Action-Adventure, Economy, Anime, Cartoony, ",Beginner,low,27,26,1,"Simulation, RPG","Adventure, Survival",,,,,
game,RiichiCity - ACG mahjong games,0,0,"Casual, Thriller, Sexual Content, Psychological Horror, Anime, Horror, Card Game, Strategy, Sports, Souls-like, Modern, RTS, Cute, JRPG, Card Battler, Funny, 2.5D, Real Time Tactics, Drama, Turn-Based Strategy, ",Beginner,low,1400,767,633,RTS,Strategy,,2.5D,,,
game,Dota 2,0,0,"Free to Play, MOBA, Multiplayer, Strategy, eSports, Team-Based, Competitive, Action, Online Co-Op, PvP, Difficult, Co-op, RTS, Tower Defense, RPG, Fantasy, Character Customization, Replay Value, Action RPG, Simulation, ",Beginner,low,2133777,1752027,381750,"RTS, RPG, Simulation","Strategy, Action, Co-op",,,Multiplayer,,
game,Hunt: Showdown,385,714,"Open World, Extraction Shooter, Atmospheric, Tactical, Multiplayer, FPS, Perma Death, Shooter, PvP, Survival Horror, Horror, Western, Online Co-Op, Difficult, Co-op, Battle Royale, Team-Based, Action, Gore, Zombies, ",Intermediate,normal,187396,154229,33167,Battle Royale,"Co-op, Action",,,Multiplayer,,
game,Eternal Return,0,0,"Free to Play, Anime, Multiplayer, MOBA, Survival, PvP, Combat, Top-Down, Crafting, Action, 3D, Strategy, Tactical, Character Customization, Indie, Point & Click, Experimental, Early Access, Sexual Content, MMORPG, ",Beginner,normal,53435,42209,11226,,"Survival, Action, Strategy",,3D,Multiplayer,,
game,PowerWash Simulator,632,158,"Casual, Relaxing, Simulation, First-Person, Sandbox, 3D, Funny, Immersive Sim, Multiplayer, Story Rich, Co-op, Colorful, Family Friendly, Realistic, Online Co-Op, Wholesome, Singleplayer, Indie, Cozy, Atmospheric, ",Intermediate,low,40774,39735,1039,Simulation,Co-op,,3D,"Multiplayer, Singleplayer",,
game,DRAGON QUEST® XI S: Echoes of an Elusive Age™ - Definitive Edition,714,476,"JRPG, Turn-Based Combat, RPG, Party-Based RPG, Story Rich, Dragons, 3D, Funny, Adventure, 2D, Fantasy, Singleplayer, Colorful, Action, Third Person, Anime, Crafting, Open World, Character Customization, Cartoony, ",Beginner,normal,7508,7063,445,RPG,"Adventure, Action",Third Person,"3D, 2D",Singleplayer,,
bundle,Playmeow Bundle,3805,1970,"Action, Adventure, Simulation, Casual, RPG, Indie, Strategy",Beginner,low,0,0,0,"Simulation, RPG","Action, Adventure, Strategy",,,,,
game,Call of Duty®: Warzone™,0,0,"Free to Play, Battle Royale, FPS, Multiplayer, Action, Shooter, Violent, First-Person, Gore, Military, Singleplayer, PvP, Online Co-Op, Survival, Co-op, Realistic, Open World, Atmospheric, Third Person, Adventure, ",Intermediate,normal,27915,9222,18693,Battle Royale,"Action, Survival, Co-op, Adventure",Third Person,,"Multiplayer, Singleplayer",,
game,The Outlast Trials,366,122,"Early Access, Horror, Multiplayer, Co-op, Survival Horror, Psychological Horror, First-Person, PvE, Character Customization, Stealth, Action-Adventure, Action, Survival, Dark Humor, Alternate History, Realistic, Atmospheric, Dark, Science, Adventure, ",Advanced,normal,41327,38781,2546,,"Co-op, Action, Survival, Adventure",,,Multiplayer,,
game,"Wartales, Pirates of Belerion",385,43,"RPG, Open World, Turn-Based Strategy, Party-Based RPG, Adventure, Medieval, Co-op, Strategy, Singleplayer, Multiplayer, Turn-Based Combat, Exploration, Indie, Tactical RPG, Survival, Violent, Sandbox, Turn-Based, Story Rich, Online Co-Op, ",Intermediate,normal,63,42,21,RPG,"Adventure, Co-op, Strategy, Survival",,,"Singleplayer, Multiplayer",,
game,Dragonheir: Silent Gods,0,0,"Multiplayer, Free to Play, RPG, Adventure, Open World, Turn-Based Combat, Strategy, PvE, PvP, Story Rich, MMORPG, Online Co-Op, Massively Multiplayer, Character Customization, Dungeons & Dragons, Fantasy, CRPG, Class-Based, Dark Fantasy, Party-Based RPG, ",Beginner,normal,1434,940,494,RPG,"Adventure, Strategy",,,Multiplayer,,
bundle,《電馭叛客 2077：終極版》,1360,1038,角色扮演,Beginner,low,0,0,0,,,,,,,
game,BlazBlue Entropy Effect,288,40,"Early Access, Action Roguelike, Metroidvania, Action-Adventure, Platformer, Pixel Graphics, Replay Value, 2D, Action, Procedural Generation, Roguelite, Indie, Beat 'em up, Cyberpunk, Post-apocalyptic, Story Rich, Multiple Endings, Roguelike, 2D Fighter, Roguevania, ",Beginner,low,5242,4731,511,"Beat 'em up, Roguelike",Action,,2D,,,
game,Soulworker,0,0,"Anime, Free to Play, Sexual Content, Nudity, MMORPG, RPG, Action, Hack and Slash, Action RPG, Multiplayer, Character Action Game, Third Person, Co-op, Online Co-Op, Story Rich, Massively Multiplayer, 2.5D, Dark, Post-apocalyptic, PvE, ",Beginner,low,9943,7280,2663,RPG,"Action, Co-op",Third Person,2.5D,Multiplayer,,
bundle,Summer Memories Bundle,179,325,"Adventure, RPG",Beginner,low,0,0,0,RPG,Adventure,,,,,
game,Ratopia,295,33,"City Builder, Colony Sim, Base Building, Survival, Singleplayer, Adventure, Cute, Resource Management, Management, Simulation, 2D, Indie, Casual, Strategy, Exploration, Sandbox, Early Access, Cartoony, Economy, Open World, ",Beginner,low,1765,1570,195,Simulation,"Survival, Adventure, Strategy",,2D,Singleplayer,,
game,Cities: Skylines II,1258,140,"Simulation, City Builder, Building, Singleplayer, Sandbox, Management, Economy, Strategy, Realistic, Multiplayer, Moddable, Relaxing, Casual, Resource Management, Atmospheric, Open World, Early Access, Great Soundtrack, Transportation, Psychological Horror, ",Advanced,normal,41792,25397,16395,Simulation,Strategy,,,"Singleplayer, Multiplayer",,
game,Total War: WARHAMMER III,895,895,"Early Access, Strategy, Turn-Based Strategy, Grand Strategy, RTS, Fantasy, Real Time Tactics, Dark Fantasy, War, Action, Tactical, Atmospheric, Games Workshop, Multiplayer, Colorful, PvP, Co-op, Story Rich, Singleplayer, Online Co-Op, ",Beginner,normal,93019,55638,37381,RTS,"Strategy, Action, Co-op",,,"Multiplayer, Singleplayer",,
game,WARRIORS OROCHI 4,1194,796,"Action, Hack and Slash, Musou, Anime, Co-op, Singleplayer, Female Protagonist, Historical, Fantasy, Mythology, Action RPG, Local Co-Op, Adventure, JRPG, Third Person, Multiplayer, Great Soundtrack, Beat 'em up, Sexual Content, ",Intermediate,normal,5007,4332,675,Beat 'em up,"Action, Co-op, Adventure",Third Person,,"Singleplayer, Multiplayer",,
bundle,Monster Hunter World: Iceborne Digital Deluxe,610,930,Action,Beginner,low,0,0,0,,Action,,,,,
game,Super Robot Wars 30,676,1014,"Strategy, RPG, JRPG, Turn-Based Strategy, Simulation, Mechs, Strategy RPG, Turn-Based Tactics, Anime, Tactical RPG, Visual Novel, 2D, Sci-fi, Isometric, Robots, Turn-Based Combat, Story Rich, Singleplayer, Turn-Based, Lore-Rich, ",Beginner,low,5228,4617,611,"RPG, Simulation",Strategy,,2D,Singleplayer,,
game,The Elder Scrolls V: Skyrim Special Edition,239,960,"Open World, RPG, Adventure, Singleplayer, Fantasy, Character Customization, Moddable, Dragons, Story Rich, Magic, First-Person, Action, Atmospheric, Great Soundtrack, Third Person, Stealth, Classic, Remake, Female Protagonist, Walking Simulator, ",Intermediate,normal,280492,256235,24257,RPG,"Adventure, Action",Third Person,,Singleplayer,,
bundle,Age of Empires 25th Anniversary Collection,1401,3578,"Strategy, Simulation",Beginner,low,0,0,0,Simulation,Strategy,,,,,
game,BattleBit Remastered,246,164,"FPS, Multiplayer, Shooter, Destruction, Military, Massively Multiplayer, PvP, Action, War, Tactical, First-Person, Team-Based, Combat, Class-Based, Gun Customization, Character Customization, 3D, Indie, Early Access, Voxel, ",Intermediate,normal,119119,106373,12746,,Action,,3D,Multiplayer,,
game,Stellaris,221,517,"Space, Grand Strategy, Strategy, Sci-fi, 4X, Exploration, Sandbox, Simulation, Multiplayer, Singleplayer, Real-Time with Pause, Moddable, Diplomacy, Management, Futuristic, Military, Replay Value, Great Soundtrack, Atmospheric, Procedural Generation, ",Beginner,low,158472,140315,18157,Simulation,Strategy,,,"Multiplayer, Singleplayer",,
game,Summer Memories+ - Expansion DLC,120,66,"Sexual Content, Nudity, Mature, Hentai, RPG, Adventure, Pixel Graphics, Anime, Time Management, Simulation, NSFW, JRPG, Multiple Endings, Singleplayer, Indie, Casual, Funny, Memes, FPS, ",Beginner,low,715,540,175,"RPG, Simulation",Adventure,,,Singleplayer,,
game,Tom Clancy’s The Division® 2,255,594,"Multiplayer, Looter Shooter, Third-Person Shooter, Open World, Action, Singleplayer, Adventure, Online Co-Op, Shooter, RPG, Post-apocalyptic, Co-op, Loot, Massively Multiplayer, Character Customization, Survival, Military, Story Rich, PvP, PvE, ",Intermediate,normal,13712,9581,4131,RPG,"Action, Adventure, Co-op, Survival",,,"Multiplayer, Singleplayer",,
game,MEGA MAN X DiVE Offline,620,320,"Action, 2D, Side Scroller, Singleplayer, RPG, Action RPG, 1990's, Sci-fi, Retro, Spectacle fighter, Robots, PvE, Character Customization, ",Intermediate,low,705,603,102,RPG,Action,,2D,Singleplayer,,
game,Mount & Blade II: Bannerlord,839,560,"Medieval, Strategy, Open World, RPG, War, Sandbox, Multiplayer, Singleplayer, Action, Character Customization, Simulation, Moddable, Adventure, Horses, Realistic, Third Person, First-Person, Historical, Great Soundtrack, Early Access, ",Beginner,normal,233958,205731,28227,"RPG, Simulation","Strategy, Action, Adventure",Third Person,,"Multiplayer, Singleplayer",,
game,FINAL FANTASY XV WINDOWS EDITION,596,894,"RPG, Open World, JRPG, Fantasy, Story Rich, Great Soundtrack, Singleplayer, Adventure, Action, Multiplayer, Action RPG, Third Person, Anime, Hack and Slash, Atmospheric, Online Co-Op, Co-op, Violent, First-Person, Nudity, ",Intermediate,normal,47560,39418,8142,RPG,"Adventure, Action, Co-op",Third Person,,"Singleplayer, Multiplayer",,
game,The Last of Us™ Part I,998,492,"Story Rich, Zombies, Post-apocalyptic, Singleplayer, Action, Adventure, Emotional, Cinematic, Violent, Great Soundtrack, Action-Adventure, Third-Person Shooter, Third Person, Gore, Atmospheric, Horror, Survival Horror, Drama, Remake, Multiplayer, ",Advanced,high,46061,30916,15145,,"Action, Adventure",Third Person,,"Singleplayer, Multiplayer",,
game,EA SPORTS FC™ 24,799,1200,"Sports, Football (Soccer), Controller, PvP, Competitive, eSports, Multiplayer, PvE, 3D, Simulation, First-Person, Realistic, Local Multiplayer, Action, Co-op, Local Co-Op, Family Friendly, Online Co-Op, Singleplayer, Early Access, ",Intermediate,normal,33493,19046,14447,Simulation,"Action, Co-op",,3D,"Multiplayer, Singleplayer",,
game,Back 4 Blood,223,1267,"Zombies, Online Co-Op, Multiplayer, Shooter, FPS, Action, Co-op, Gore, Horror, First-Person, Singleplayer, Survival, Blood, Violent, Adventure, Survival Horror, PvP, PvE, Roguelite, Replay Value, ",Intermediate,normal,51232,33811,17421,,"Action, Co-op, Survival, Adventure",,,"Multiplayer, Singleplayer",,
game,No Man's Sky,449,449,"Open World, Open World Survival Craft, Space, Exploration, Sci-fi, Survival, Procedural Generation, Adventure, First-Person, Sandbox, Singleplayer, Multiplayer, Atmospheric, Crafting, Space Sim, Indie, Action, Simulation, FPS, VR, ",Beginner,normal,287095,228286,58809,Simulation,"Survival, Adventure, Action",,,"Singleplayer, Multiplayer",,
game,Stray,356,183,"Cats, Adventure, Cyberpunk, Atmospheric, Singleplayer, Cute, Exploration, Robots, Third Person, Beautiful, Puzzle, Horror, Sci-fi, Indie, Dystopian, Open World, Mystery, Colorful, Action, Stealth, ",Intermediate,normal,130475,126933,3542,,"Adventure, Action",Third Person,,Singleplayer,,
game,Torchlight: Infinite,0,0,"RPG, Hack and Slash, Loot, Action RPG, Action, Adventure, Combat, Dungeon Crawler, Multiplayer, Action-Adventure, Top-Down, Singleplayer, Free to Play, Drama, Fantasy, Story Rich, Character Customization, Time Travel, Co-op, Magic, ",Intermediate,normal,9789,6709,3080,RPG,"Action, Adventure, Co-op",,,"Multiplayer, Singleplayer",,
game,Baldur's Gate 3,1439,160,"RPG, Choices Matter, Story Rich, Character Customization, Turn-Based Combat, Dungeons & Dragons, Adventure, CRPG, Fantasy, Online Co-Op, Multiplayer, Romance, Strategy, Singleplayer, Co-op Campaign, Class-Based, Dark Fantasy, Combat, Controller, Stealth, ",Intermediate,normal,515043,498256,16787,RPG,"Adventure, Strategy",,,"Multiplayer, Singleplayer",,
game,Monster Hunter: World,303,617,"Co-op, Multiplayer, Action, Open World, RPG, Third Person, Character Customization, Adventure, Fantasy, Difficult, Singleplayer, Action RPG, Exploration, Great Soundtrack, Replay Value, Atmospheric, Hack and Slash, JRPG, Souls-like, MMORPG, ",Intermediate,normal,406608,353246,53362,RPG,"Co-op, Action, Adventure",Third Person,,"Multiplayer, Singleplayer",,
game,Apex Legends™,0,0,"Free to Play, Battle Royale, Multiplayer, Shooter, FPS, First-Person, PvP, Action, Team-Based, Hero Shooter, Tactical, Sci-fi, Survival, Character Customization, Loot, Funny, Co-op, Lore-Rich, Cyberpunk, Horror, ",Beginner,normal,773625,613473,160152,Battle Royale,"Action, Survival, Co-op",,,Multiplayer,,
game,Monster Hunter World: Iceborne,455,775,"Action, Multiplayer, Co-op, Open World, Hunting, Difficult, Third Person, Singleplayer, Adventure, Online Co-Op, RPG, Character Customization, Exploration, Dragons, Hack and Slash, Story Rich, JRPG, PvE, Souls-like, Great Soundtrack, ",Intermediate,normal,20804,11871,8933,RPG,"Action, Co-op, Adventure",Third Person,,"Multiplayer, Singleplayer",,
game,ELDEN RING,1074,716,"Souls-like, Dark Fantasy, Open World, RPG, Difficult, Action RPG, Third Person, Multiplayer, Fantasy, Singleplayer, Online Co-Op, Action, Co-op, PvP, Atmospheric, Violent, Great Soundtrack, 3D, Character Customization, Family Friendly, ",Intermediate,high,744782,687982,56800,RPG,"Action, Co-op",Third Person,3D,"Multiplayer, Singleplayer",,
game,Cyberpunk 2077,799,800,"Cyberpunk, Open World, Nudity, RPG, Singleplayer, Sci-fi, Futuristic, FPS, Mature, Story Rich, First-Person, Atmospheric, Exploration, Action, Violent, Great Soundtrack, Action RPG, Adventure, Character Customization, Immersive Sim, ",Advanced,high,697825,564371,133454,RPG,"Action, Adventure",,,Singleplayer,,
game,Conqueror's Blade,0,0,"PvP, Medieval, Massively Multiplayer, Action, Strategy, Sandbox, MMORPG, Alternate History, Character Customization, Free to Play, War, Wargame, RPG, Swordplay, Open World, Tactical, RTS, Third Person, Team-Based, Action RPG, ",Intermediate,normal,29103,20125,8978,"RPG, RTS","Action, Strategy",Third Person,,,,
game,Counter-Strike 2,285,2507,"FPS, Shooter, Multiplayer, Competitive, Action, Team-Based, eSports, Tactical, First-Person, PvP, Online Co-Op, Co-op, Strategy, Military, War, Difficult, Trading, Realistic, Fast-Paced, Moddable, ",Intermediate,normal,7809475,6845346,964129,,"Action, Co-op, Strategy",,,Multiplayer,,
game,Hogwarts Legacy,845,845,"Magic, Fantasy, Open World, Singleplayer, Adventure, RPG, Character Customization, Exploration, Story Rich, Third Person, Action-Adventure, Atmospheric, Action RPG, Action, Combat, Choices Matter, Puzzle, Great Soundtrack, Dark, Family Friendly, ",Intermediate,high,245745,225731,20014,RPG,"Adventure, Action",Third Person,,Singleplayer,,
game,The Arrogant Kaiju Princess and The Detective Servant,287,32,"Sexual Content, Nudity, Hentai, Mature, NSFW, Anime, Casual, JRPG, RPG, Story Rich, Romance, Turn-Based Strategy, Indie, Turn-Based Tactics, Singleplayer, Fantasy, ",Beginner,low,621,606,15,RPG,,,,Singleplayer,,
game,Party Animals,293,126,"Casual, Funny, Multiplayer, Cute, Party Game, Action, Fighting, PvP, Co-op, Party, Family Friendly, Online Co-Op, Physics, 3D Fighter, Local Multiplayer, 4 Player Local, Indie, Team-Based, Local Co-Op, Action-Adventure, ",Intermediate,normal,36190,26520,9670,Party Game,"Action, Co-op",,,Multiplayer,,
game,NARAKA: BLADEPOINT,0,0,"Battle Royale, Multiplayer, Martial Arts, PvP, Action, Female Protagonist, Massively Multiplayer, Third Person, Survival, Character Customization, Fighting, Hack and Slash, Swordplay, Parkour, Anime, Adventure, Mature, Violent, Free to Play, Gore, ",Intermediate,low,233741,159044,74697,Battle Royale,"Action, Survival, Adventure",Third Person,,Multiplayer,,
game,Lethal Company,188,0,"Online Co-Op, Horror, First-Person, Psychological Horror, Co-op, Exploration, Survival Horror, PvE, Sci-fi, Procedural Generation, Atmospheric, Time Management, Aliens, Dungeon Crawler, Adventure, Action, Action-Adventure, Perma Death, Realistic, Early Access, ",Intermediate,low,222361,218232,4129,,"Co-op, Adventure, Action",,,,,
game,Peeping Dorm Manager,224,25,"Sexual Content, Hentai, Nudity, Mature, NSFW, Pixel Graphics, RPG, Puzzle, Crime, Point & Click, Singleplayer, Clicker, Cute, Anime, Female Protagonist, FMV, JRPG, Simulation, Dating Sim, Strategy, ",Beginner,low,1704,1646,58,"RPG, Simulation",Strategy,,,Singleplayer,,
game,ヘブンバーンズレッド,0,0,"Drama, Visual Novel, Emotional, Turn-Based Tactics, CRPG, Female Protagonist, Choose Your Own Adventure, JRPG, Exploration, Party-Based RPG, RPG, 2D, Cute, 3D, Story Rich, Anime, Choices Matter, Adventure, Comedy, Free to Play, ",Beginner,normal,3326,2913,413,RPG,Adventure,,"2D, 3D",,,
game,Cyberpunk 2077: Phantom Liberty,679,120,"RPG, Sexual Content, Cyberpunk, Open World, Story Rich, Nudity, Violent, Gore, Atmospheric, Singleplayer, First-Person, FPS, Action, Action RPG, Character Customization, Choices Matter, Shooter, Horror, Stealth, Great Soundtrack, ",Advanced,high,12719,11413,1306,RPG,Action,,,Singleplayer,,
game,Fallen Shinobi,287,32,"Sexual Content, Hentai, Nudity, Simulation, Anime, Mature, NSFW, 2D, Dating Sim, Singleplayer, Multiple Endings, Interactive Fiction, Fantasy, Time Management, ",Beginner,normal,262,238,24,Simulation,,,2D,Singleplayer,,
game,Persona 5 Royal,895,895,"JRPG, Story Rich, Anime, Great Soundtrack, Turn-Based Combat, RPG, Party-Based RPG, Singleplayer, Dating Sim, Multiple Endings, Turn-Based Strategy, Emotional, Visual Novel, Colorful, Sexual Content, Adventure, Heist, Soundtrack, Detective, Violent, ",Advanced,normal,50568,49160,1408,RPG,Adventure,,,Singleplayer,,
game,Forza Horizon 5,844,844,"Racing, Open World, Driving, Multiplayer, Automobile Sim, Realistic, Adventure, Simulation, Exploration, Arcade, First-Person, Atmospheric, Sports, Co-op, PvP, Online Co-Op, Singleplayer, Beautiful, Action, Third Person, ",Intermediate,normal,155229,136792,18437,Simulation,"Adventure, Co-op, Action",Third Person,,"Multiplayer, Singleplayer",,
game,MONSTER HUNTER RISE,448,672,"Action, RPG, Online Co-Op, Hunting, Multiplayer, Character Customization, Action RPG, Co-op, JRPG, Third Person, Singleplayer, PvE, Fantasy, Anime, 3D, Nature, Dragons, Atmospheric, Ninja, Souls-like, ",Intermediate,normal,83994,72764,11230,RPG,"Action, Co-op",Third Person,3D,"Multiplayer, Singleplayer",,
game,Resident Evil 4,840,840,"Action, Horror, Survival Horror, Third-Person Shooter, Zombies, Singleplayer, Survival, Story Rich, Cinematic, Dark, Realistic, Resource Management, Remake, Gore, 3D, Adventure, Psychological Horror, Third Person, Action-Adventure, Violent, ",Intermediate,normal,118860,116300,2560,,"Action, Survival, Adventure",Third Person,3D,Singleplayer,,
game,Street Fighter™ 6,1108,572,"2D Fighter, Fighting, Action, Character Customization, Arcade, Adventure, Multiplayer, Competitive, PvP, Open World, eSports, Singleplayer, Action RPG, Controller, Local Multiplayer, 3D, Sandbox, Great Soundtrack, 3D Fighter, Martial Arts, ",Intermediate,normal,32370,28508,3862,,"Action, Adventure",,3D,"Multiplayer, Singleplayer",,
game,Grand Theft Auto V,482,817,"Open World, Action, Multiplayer, Crime, Automobile Sim, Third Person, First-Person, Shooter, Mature, Adventure, Singleplayer, Third-Person Shooter, Racing, Co-op, Sandbox, Atmospheric, Funny, Great Soundtrack, Comedy, Moddable, ",Beginner,low,1709382,1477398,231984,,"Action, Adventure, Co-op",Third Person,,"Multiplayer, Singleplayer",,
game,DAVE THE DIVER,280,70,"Pixel Graphics, Casual, Adventure, Management, RPG, Relaxing, Simulation, Fishing, Exploration, Underwater, Farming Sim, Singleplayer, Crafting, 2D, Roguelite, Story Rich, Funny, Agriculture, Early Access, Action, ",Beginner,normal,82957,80934,2023,"RPG, Simulation","Adventure, Action",,2D,Singleplayer,,
game,Red Dead Redemption 2,590,1200,"Open World, Story Rich, Western, Adventure, Multiplayer, Action, Realistic, Singleplayer, Shooter, Atmospheric, Horses, Beautiful, Mature, Third-Person Shooter, Great Soundtrack, Third Person, Gore, Sandbox, First-Person, FPS, ",Advanced,high,509766,464340,45426,,"Adventure, Action",Third Person,,"Multiplayer, Singleplayer",,
game,Remnant II,660,440,"Souls-like, Action, Adventure, RPG, Co-op, Third-Person Shooter, Dark, Shooter, Action-Adventure, Post-apocalyptic, Combat, Multiplayer, Third Person, Horror, Online Co-Op, Atmospheric, PvE, Controller, Singleplayer, Gore, ",Intermediate,high,43976,37236,6740,RPG,"Action, Adventure, Co-op",Third Person,,"Multiplayer, Singleplayer",,
game,PUBG: BATTLEGROUNDS,0,0,"Survival, Shooter, Battle Royale, Multiplayer, FPS, PvP, Third-Person Shooter, Action, Online Co-Op, Tactical, Co-op, First-Person, Strategy, Early Access, Competitive, Third Person, Team-Based, Difficult, Simulation, Stealth, ",Intermediate,normal,2274100,1315322,958778,"Battle Royale, Simulation","Survival, Action, Co-op, Strategy",Third Person,,Multiplayer,,
game,Warframe,0,0,"Free to Play, Action RPG, Looter Shooter, Third-Person Shooter, Action, RPG, Third Person, Character Customization, Massively Multiplayer, Online Co-Op, Co-op, Singleplayer, PvE, Sci-fi, Lore-Rich, Space, Shooter, Hack and Slash, Ninja, Parkour, ",Advanced,low,561312,486016,75296,RPG,"Action, Co-op",Third Person,,Singleplayer,,
game,War Thunder,0,0,"Free to Play, Vehicular Combat, Combat, World War II, VR, Flight, War, Military, Tanks, Naval Combat, Simulation, Modern, Cold War, Massively Multiplayer, Action, Realistic, Shooter, Third-Person Shooter, Third Person, Historical, ",Beginner,low,582539,355100,227439,Simulation,Action,Third Person,,,,
game,Age of Empires IV: Anniversary Edition,544,544,"Strategy, RTS, War, Base Building, Multiplayer, Singleplayer, Medieval, Resource Management, City Builder, Historical, Action RTS, PvP, PvE, Co-op, 3D, Isometric, Management, Open World, Online Co-Op, Mature, ",Intermediate,normal,61574,53411,8163,RTS,"Strategy, Co-op",,3D,"Multiplayer, Singleplayer",,
game,God of War,595,595,"Action, Singleplayer, Story Rich, Adventure, Mythology, Combat, Third Person, RPG, Violent, Hack and Slash, Fantasy, Open World, Exploration, Atmospheric, Gore, Emotional, Action RPG, Souls-like, 3D, PvE, ",Intermediate,normal,117554,113800,3754,RPG,"Action, Adventure",Third Person,3D,Singleplayer,,
game,FINAL FANTASY VII REMAKE INTERGRADE,995,995,"RPG, Action RPG, JRPG, Action-Adventure, Singleplayer, Party-Based RPG, Spectacle fighter, Third Person, Controller, Action, Adventure, 3D, Fantasy, 3D Platformer, Magic, Realistic, Cinematic, Drama, Story Rich, Sci-fi, ",Intermediate,normal,19675,17598,2077,RPG,"Action, Adventure",Third Person,3D,Singleplayer,,
game,Like a Dragon: Infinite Wealth,1890,0,"Action, Adventure, JRPG, Action RPG, Action-Adventure, Gore, Beat 'em up, Emotional, Violent, Comedy, Turn-Based Combat, Singleplayer, Funny, Colorful, Martial Arts, Hack and Slash, Sexual Content, Turn-Based, Story Rich, Great Soundtrack, ",Intermediate,normal,0,0,0,Beat 'em up,"Action, Adventure",,,Singleplayer,,
game,NBA 2K24,626,1164,"Sports, Simulation, Basketball, eSports, 3D, Realistic, Immersive Sim, Management, PvP, Character Customization, Controller, Team-Based, Trading, Co-op, Local Co-Op, Local Multiplayer, Multiplayer, Online Co-Op, Gambling, Singleplayer, ",Beginner,normal,15245,2745,12500,Simulation,Co-op,,3D,"Multiplayer, Singleplayer",,
game,It Takes Two,274,825,"Co-op, Multiplayer, Split Screen, Local Co-Op, Puzzle, Online Co-Op, Adventure, Story Rich, Local Multiplayer, Co-op Campaign, Puzzle Platformer, 3D Platformer, Action-Adventure, Platformer, Emotional, Action, Atmospheric, Exploration, Minigames, Female Protagonist, ",Beginner,normal,146262,139308,6954,,"Co-op, Adventure, Action",,,Multiplayer,,
game,World War Z,395,395,"Zombies, Multiplayer, Online Co-Op, Action, Co-op, Singleplayer, Shooter, Third-Person Shooter, FPS, PvE, Survival Horror, Gun Customization, Character Customization, Post-apocalyptic, Gore, First-Person, Violent, Combat, Third Person, Class-Based, ",Beginner,normal,17768,14890,2878,,"Action, Co-op",Third Person,,"Multiplayer, Singleplayer",,
game,Sekiro™: Shadows Die Twice - GOTY Edition,795,795,"Souls-like, Difficult, Action, Singleplayer, Ninja, Stealth, Adventure, Third Person, Open World, Story Rich, Violent, Atmospheric, Assassin, Dark Fantasy, Hack and Slash, RPG, Great Soundtrack, Gore, Rhythm, Dark, ",Beginner,low,260465,248322,12143,RPG,"Action, Adventure",Third Person,,Singleplayer,,
game,Age of Empires II: Definitive Edition,169,510,"Strategy, RTS, City Builder, Multiplayer, Base Building, Historical, Singleplayer, Medieval, Resource Management, Classic, Tactical, Real-Time, Co-op, Remake, Isometric, Replay Value, 2D, Action, Adventure, Great Soundtrack, ",Beginner,low,136274,129257,7017,RTS,"Strategy, Co-op, Action, Adventure",,2D,"Multiplayer, Singleplayer",,
game,THE FINALS,0,0,"Multiplayer, Shooter, Destruction, FPS, Free to Play, PvP, First-Person, Team-Based, Action, Character Customization, Tactical, Capitalism, Choices Matter, Class-Based, Combat, Realistic, Loot, Gun Customization, Crafting, Battle Royale, ",Intermediate,high,92745,68656,24089,Battle Royale,Action,,,Multiplayer,,
game,Euro Truck Simulator 2,107,321,"Driving, Transportation, Simulation, Open World, Automobile Sim, Realistic, Moddable, Relaxing, Immersive Sim, Economy, Exploration, Management, Atmospheric, Multiplayer, Controller, Family Friendly, Third Person, Adventure, Casual, Indie, ",Intermediate,normal,724619,705992,18627,Simulation,Adventure,Third Person,,Multiplayer,,
game,Fate/Samurai Remnant,1492,498,"JRPG, Anime, RPG, Action RPG, Action, Spectacle fighter, Story Rich, Historical, Magic, Drama, Multiple Endings, Singleplayer, Stylized, Hack and Slash, Musou, Visual Novel, Violent, Gore, Fantasy, Cute, ",Intermediate,normal,3537,3274,263,RPG,Action,,,Singleplayer,,
game,Like a Dragon Gaiden: The Man Who Erased His Name,892,298,"Action, Beat 'em up, Action RPG, Action-Adventure, Violent, Sexual Content, Story Rich, Martial Arts, JRPG, Singleplayer, Gore, Comedy, Open World, Adventure, Hack and Slash, Great Soundtrack, Dog, Emotional, ",Intermediate,normal,6295,6127,168,Beat 'em up,"Action, Adventure",,,Singleplayer,,
game,Summoners War: Chronicles,0,0,"Free to Play, RPG, Open World, MMORPG, Multiplayer, Strategy, Adventure, Massively Multiplayer, Action RPG, Character Customization, Action, Cartoony, Fantasy, Strategy RPG, PvP, Action-Adventure, 3D, Story Rich, 3D Platformer, PvE, ",Intermediate,normal,10901,8581,2320,RPG,"Strategy, Adventure, Action",,3D,Multiplayer,,
game,Kon's Lesson!,224,25,"Sexual Content, Casual, Interactive Fiction, Anime, Cute, Nudity, Hentai, NSFW, Romance, Visual Novel, Drama, Linear, Mature, Cartoon, Demons, Clicker, Dark Fantasy, Emotional, 2D, Singleplayer, ",Beginner,low,182,165,17,,,,2D,Singleplayer,,
game,Call of Duty®,1553,666,"FPS, Multiplayer, Shooter, Action, Singleplayer, Military, First-Person, War, Modern, Tactical, Violent, Co-op, Realistic, Story Rich, Atmospheric, Mature, Online Co-Op, Gore, Third-Person Shooter, Third Person, ",Intermediate,normal,502943,291817,211126,,"Action, Co-op",Third Person,,"Multiplayer, Singleplayer",,
game,Ready or Not,846,0,"Tactical, Realistic, FPS, Multiplayer, Shooter, Co-op, Singleplayer, First-Person, Action, Horror, Violent, Gun Customization, Combat, Crime, Modern, Gore, Atmospheric, America, Co-op Campaign, Early Access, ",Intermediate,normal,144585,128677,15908,,"Co-op, Action",,,"Multiplayer, Singleplayer",,
game,NieR:Automata™,476,714,"Great Soundtrack, Story Rich, Female Protagonist, Hack and Slash, Action, RPG, Open World, JRPG, Anime, Post-apocalyptic, Singleplayer, Robots, Atmospheric, Sci-fi, Nudity, Adventure, Bullet Hell, Spectacle fighter, Character Action Game, Violent, ",Beginner,low,122779,105840,16939,RPG,"Action, Adventure",,,Singleplayer,,
game,OCTOPATH TRAVELER II,1253,537,"RPG, Turn-Based, JRPG, 2.5D, Party-Based RPG, Open World, Story Rich, Choices Matter, Turn-Based Combat, Cute, Strategy, Anime, Fantasy, Pixel Graphics, Casual, Magic, Atmospheric, Adventure, Emotional, Singleplayer, ",Beginner,normal,9219,8854,365,RPG,"Strategy, Adventure",,2.5D,Singleplayer,,
game,Yu-Gi-Oh! Master Duel,0,0,"Card Game, Free to Play, Strategy, Trading Card Game, Multiplayer, PvP, Card Battler, Anime, Simulation, Turn-Based Tactics, Tactical, Singleplayer, eSports, Fantasy, Dragons, Survival Horror, PvE, 3D, 2D, Great Soundtrack, ",Intermediate,normal,67803,51502,16301,Simulation,Strategy,,"3D, 2D","Multiplayer, Singleplayer",,
game,Yakuza: Like a Dragon,338,1352,"RPG, Adventure, Action, JRPG, Turn-Based Combat, Story Rich, Turn-Based, Open World, Singleplayer, Funny, Crime, Violent, Great Soundtrack, Comedy, Sexual Content, Minigames, Drama, Nudity, Third Person, Anime, ",Intermediate,normal,24500,23380,1120,RPG,"Adventure, Action",Third Person,,Singleplayer,,
game,Summer Memories,79,239,"Sexual Content, Nudity, Mature, Hentai, Pixel Graphics, Anime, RPG, Simulation, FPS, Multiple Endings, Visual Novel, Singleplayer, Time Management, 2D, JRPG, Adventure, RPGMaker, Indie, Funny, Memes, ",Beginner,low,13174,12266,908,"RPG, Simulation",Adventure,,2D,Singleplayer,,
game,Wandering Sword,359,49,"RPG, Martial Arts, Pixel Graphics, Turn-Based, Strategy, Story Rich, Adventure, Open World, Singleplayer, 2.5D, Drama, 1990's, Swordplay, Foreign, Turn-Based Combat, Tactical, Turn-Based Strategy, Turn-Based Tactics, Action RPG, Silent Protagonist, ",Beginner,normal,12113,11170,943,RPG,"Strategy, Adventure",,2.5D,Singleplayer,,
bundle,Jurassic World Evolution 2: Premium Edition,1240,2870,"Simulation, Strategy, Action, Casual",Beginner,low,0,0,0,Simulation,"Strategy, Action",,,,,
game,Hero's Adventure: Road to Passion,259,46,"RPG, Martial Arts, Open World, Strategy, Indie, Multiple Endings, Adventure, Stealth, Simulation, Singleplayer, Turn-Based Strategy, Choose Your Own Adventure, Turn-Based, Drama, 2D, Pixel Graphics, Anime, Sexual Content, RPGMaker, Mature, ",Beginner,low,13924,11733,2191,"RPG, Simulation","Strategy, Adventure",,2D,Singleplayer,,
game,Sid Meier’s Civilization® VI,179,1611,"Strategy, Turn-Based Strategy, Multiplayer, Historical, Singleplayer, Grand Strategy, Turn-Based, 4X, War, Simulation, City Builder, Tactical, Building, Management, Great Soundtrack, Moddable, Online Co-Op, Co-op, Hex Grid, Atmospheric, ",Beginner,low,293977,252223,41754,Simulation,"Strategy, Co-op",,,"Multiplayer, Singleplayer",,
game,Anno 1800,425,1274,"City Builder, Strategy, Simulation, Economy, Multiplayer, Resource Management, Sandbox, RTS, Exploration, Singleplayer, Political, Historical, Management, Co-op, Choose Your Own Adventure, Politics, Story Rich, Building, Choices Matter, Multiple Endings, ",Intermediate,normal,13902,11245,2657,"Simulation, RTS","Strategy, Co-op",,,"Multiplayer, Singleplayer",,
game,Granblue Fantasy Versus: Rising,1490,0,"Action, 2D Fighter, Multiplayer, eSports, Singleplayer, Action RPG, Anime, Fighting, Fantasy, Free to Play, Great Soundtrack, ",Intermediate,low,1817,1490,327,,Action,,,"Multiplayer, Singleplayer",,
game,雀魂麻將(MahjongSoul),0,0,"Psychological Horror, Souls-like, Horror, Thriller, Sexual Content, Survival Horror, Free to Play, Nudity, Difficult, Tabletop, FPS, PvP, Multiplayer, Mature, Casual, Anime, Cute, Mahjong, Dating Sim, Strategy, ",Beginner,low,50828,27690,23138,,Strategy,,,Multiplayer,,
game,Marvel’s Spider-Man Remastered,894,596,"Superhero, Open World, Action, Singleplayer, Story Rich, Adventure, Combat, Action-Adventure, Third Person, Parkour, Comic Book, Beautiful, Exploration, Stealth, Great Soundtrack, Funny, Atmospheric, Sci-fi, Multiplayer, Controller, ",Beginner,normal,86241,82994,3247,,"Action, Adventure",Third Person,,"Singleplayer, Multiplayer",,
game,Diablo® IV,1331,888,"Action RPG, Hack and Slash, Isometric, Singleplayer, Online Co-Op, Co-op, RPG, Action, Third Person, Fantasy, Multiplayer, PvE, Story Rich, Dungeon Crawler, Loot, Dark Fantasy, Point & Click, Gore, Exploration, Violent, ",Intermediate,normal,18048,10758,7290,RPG,"Co-op, Action",Third Person,,"Singleplayer, Multiplayer",,
game,Dead by Daylight,133,246,"Horror, Survival Horror, Multiplayer, Online Co-Op, Co-op, Survival, Gore, Team-Based, Stealth, Blood, Third Person, Violent, First-Person, Psychological Horror, Action, Atmospheric, Strategy, Comedy, Mature, Difficult, ",Beginner,normal,704077,565836,138241,,"Co-op, Survival, Action, Strategy",Third Person,,Multiplayer,,
game,DEAD OR ALIVE Xtreme Venus Vacation,0,0,"Sexual Content, Mature, Free to Play, Hentai, NSFW, Female Protagonist, First-Person, Anime, 3D, Action, Cute, Dating Sim, Sports, Singleplayer, Casual, Open World, Character Customization, RPG, Multiplayer, Simulation, ",Beginner,low,25834,21396,4438,"RPG, Simulation",Action,,3D,"Singleplayer, Multiplayer",,
game,Hero's Land,0,0,"Survival, Open World, PvP, Free to Play, MOBA, MMORPG, Exploration, CRPG, 2D Platformer, Tactical RPG, Roguelite, Action RPG, Action-Adventure, Fishing, RPG, Top-Down, Cute, Action, Stylized, Building, ",Beginner,low,23713,13144,10569,RPG,"Survival, Action",,,,,
game,Project Zomboid,219,109,"Survival, Zombies, Open World, Open World Survival Craft, Multiplayer, Sandbox, Post-apocalyptic, Co-op, Crafting, Indie, Building, Simulation, RPG, Survival Horror, Realistic, Isometric, Singleplayer, 2D, Adventure, Early Access, ",Beginner,low,261576,246054,15522,"Simulation, RPG","Survival, Co-op, Adventure",,2D,"Multiplayer, Singleplayer",,
game,Against the Storm,454,245,"Strategy, Simulation, Base Building, City Builder, Management, Building, Grand Strategy, Colony Sim, Sandbox, Resource Management, Survival, Moddable, Open World, RTS, Singleplayer, 4X, Economy, Historical, Replay Value, Real-Time with Pause, ",Beginner,low,18829,17972,857,"Simulation, RTS","Strategy, Survival",,,Singleplayer,,
game,Destiny 2,524,1066,"Free to Play, Open World, FPS, Looter Shooter, MMORPG, Co-op, PvE, Multiplayer, PvP, Shooter, Massively Multiplayer, Loot, First-Person, Sci-fi, Action, Lore-Rich, Adventure, Space, Competitive, Atmospheric, ",Beginner,normal,578374,466657,111717,,"Co-op, Action, Adventure",,,Multiplayer,,
game,NOBUNAGA'S AMBITION: Awakening,1194,796,"Wargame, Real Time Tactics, Immersive Sim, Grand Strategy, RTS, Strategy, Historical, Alternate History, Story Rich, Tactical, Simulation, Resource Management, Singleplayer, Replay Value, Military, 3D, Epic, Addictive, Great Soundtrack, ",Beginner,low,1813,1320,493,"RTS, Simulation",Strategy,,3D,Singleplayer,,
game,Cult of the Lamb,292,196,"Base Building, Cute, Action Roguelike, Character Customization, Singleplayer, Dungeon Crawler, Roguelite, Dark Humor, Colony Sim, Building, 2D, Adventure, Action, Funny, Fantasy, Faith, Controller, Strategy, Colorful, Third Person, ",Beginner,low,63798,60411,3387,,"Adventure, Action, Strategy",Third Person,2D,Singleplayer,,
game,Divinity: Original Sin 2 - Definitive Edition,311,727,"Tactical RPG, RPG, Turn-Based Strategy, Story Rich, Fantasy, Exploration, CRPG, Character Customization, Party-Based RPG, Strategy RPG, PvP, Female Protagonist, Co-op Campaign, Local Co-Op, Choices Matter, Isometric, Romance, Strategy, Moddable, Funny, ",Intermediate,low,173302,166352,6950,RPG,Strategy,,,,,
game,Tom Clancy's Rainbow Six® Siege,228,341,"FPS, PvP, eSports, Tactical, Multiplayer, Shooter, Competitive, Online Co-Op, Action, Hero Shooter, Team-Based, Military, War, Strategy, Realistic, First-Person, Destruction, Co-op, Difficult, 3D, ",Beginner,normal,1211112,1039271,171841,,"Action, Strategy, Co-op",,3D,Multiplayer,,
bundle,Total War: THREE KINGDOMS COLLECTION,1116,2443,"Action, Strategy",Beginner,low,0,0,0,,"Action, Strategy",,,,,
game,Sons Of The Forest,390,98,"Survival, Open World, Multiplayer, Survival Horror, Co-op, Base Building, Crafting, Horror, First-Person, Exploration, Adventure, Building, Singleplayer, Atmospheric, Action-Adventure, Sandbox, Action, Simulation, Early Access, Immersive Sim, ",Intermediate,high,171103,146250,24853,Simulation,"Survival, Co-op, Adventure, Action",,,"Multiplayer, Singleplayer",,
game,The Sims™ 4,980,927,"Free to Play, Life Sim, Character Customization, Building, Romance, Sandbox, Singleplayer, Simulation, Dating Sim, Immersive Sim, Multiplayer, Relaxing, Casual, Cute, Funny, Realistic, Family Friendly, Adventure, Cartoony, Fantasy, ",Beginner,low,122204,106992,15212,Simulation,Adventure,,,"Singleplayer, Multiplayer",,
bundle,ROMANCE OF THE THREE KINGDOMS XIV: Diplomacy and Strategy Expansion Pack Bundle,1194,796,Simulation,Beginner,low,0,0,0,Simulation,,,,,,
game,Total War: THREE KINGDOMS,574,1116,"Strategy, Historical, War, Turn-Based Strategy, Grand Strategy, RTS, Military, Multiplayer, Tactical, Singleplayer, Real Time Tactics, Action, Turn-Based, Great Soundtrack, Co-op, Simulation, Sandbox, Violent, Fantasy, Destruction, ",Beginner,normal,98018,70035,27983,"RTS, Simulation","Strategy, Action, Co-op",,,"Multiplayer, Singleplayer",,
bundle,CUSTOM OREDER MAID 3D2 It’s a Night Magic Honeymoon & GP Series Bundle,1963,1155,"Adventure, Indie, Simulation",Beginner,low,0,0,0,Simulation,Adventure,,,,,
game,Stardew Valley,267,131,"Farming Sim, Life Sim, Pixel Graphics, Multiplayer, RPG, Relaxing, Agriculture, Simulation, Crafting, Sandbox, Indie, Building, Singleplayer, Casual, Open World, 2D, Cute, Great Soundtrack, Dating Sim, Fishing, ",Beginner,low,635635,624539,11096,"RPG, Simulation",,,2D,"Multiplayer, Singleplayer",,
game,Dead Cells,349,349,"Adventure, Action Roguelike, Pixel Graphics, Metroidvania, 2D, Roguelike, Souls-like, Hack and Slash, Replay Value, Roguelite, Platformer, Singleplayer, Roguevania, Difficult, Action, Atmospheric, Dark Fantasy, Procedural Generation, Funny, Indie, ",Intermediate,low,144203,140172,4031,Roguelike,"Adventure, Action",,2D,Singleplayer,,
game,Hearts of Iron IV,272,636,"Strategy, World War II, Grand Strategy, War, Historical, Military, Alternate History, Multiplayer, Simulation, Tactical, Real-Time with Pause, Singleplayer, RTS, Diplomacy, Sandbox, Co-op, Competitive, Strategy RPG, Open World, Action, ",Intermediate,low,263036,241705,21331,"Simulation, RTS","Strategy, Co-op, Action",,,"Multiplayer, Singleplayer",,
game,Shadowverse CCG,0,0,"Free to Play, Card Battler, Trading Card Game, Deckbuilding, Anime, Card Game, Strategy, Sexual Content, Multiplayer, Fantasy, Nudity, Turn-Based, PvP, Singleplayer, Competitive, Cute, Casual, RPG, Adventure, JRPG, ",Beginner,normal,14248,10598,3650,RPG,"Strategy, Adventure",,,"Multiplayer, Singleplayer",,
bundle,Sid Meier’s Civilization® VI Anthology,746,5601,Strategy,Beginner,low,0,0,0,,Strategy,,,,,
game,Atomic Heart,795,795,"Horror, Sexual Content, FPS, Puzzle, Mystery, Robots, Singleplayer, Shooter, Action, Sci-fi, First-Person, Action-Adventure, Open World, Exploration, Alternate History, Atmospheric, Gore, Action RPG, Cyberpunk, RPG, ",Intermediate,normal,28010,23715,4295,RPG,Action,,,Singleplayer,,
game,Battlefield™ 2042,319,1280,"FPS, Shooter, Military, Multiplayer, War, Action, First-Person, Combat, Team-Based, PvP, Futuristic, Singleplayer, Vehicular Combat, Modern, Destruction, Physics, Cinematic, Adventure, Hero Shooter, Casual, ",Intermediate,normal,243122,102697,140425,,"Action, Adventure",,,"Multiplayer, Singleplayer",,
bundle,The Witcher 3: Wild Hunt - Complete Edition,262,787,RPG,Beginner,low,0,0,0,RPG,,,,,,
game,The Elder Scrolls® Online,179,420,"RPG, MMORPG, Open World, Adventure, Fantasy, Exploration, Multiplayer, Singleplayer, Massively Multiplayer, Action, Character Customization, PvP, PvE, Lore-Rich, Choose Your Own Adventure, Story Rich, Magic, Action RPG, Class-Based, Atmospheric, ",Beginner,low,141073,115271,25802,RPG,"Adventure, Action",,,"Multiplayer, Singleplayer",,
game,Lies of P,1032,258,"Souls-like, Action, Exploration, Dark Fantasy, Action RPG, Third Person, 3D, Story Rich, Dark, Singleplayer, Adventure, Steampunk, Atmospheric, RPG, Choices Matter, Multiple Endings, Violent, Gothic, Replay Value, Open World, ",Beginner,normal,25309,23437,1872,RPG,"Action, Adventure",Third Person,3D,Singleplayer,,
bundle,Battlefield Collection,552,4644,"動作, 大型多人連線, 冒險, 休閒",Beginner,low,0,0,0,,,,,,,
game,Company of Heroes 3,1065,525,"Strategy, Wargame, Action RTS, RTS, Real Time Tactics, World War II, Turn-Based Tactics, PvP, Historical, Turn-Based Strategy, Top-Down, Military, Action, Choices Matter, Tactical, Turn-Based Combat, War, Singleplayer, Multiplayer, Cinematic, ",Intermediate,normal,21336,11227,10109,RTS,"Strategy, Action",,,"Singleplayer, Multiplayer",,
game,ASTLIBRA Revision,302,76,"Action RPG, 2D, Side Scroller, JRPG, Drama, Metroidvania, Time Travel, RPG, Spectacle fighter, Fantasy, Action, Dragons, Swordplay, Demons, Gothic, Futuristic, Modern, Mythology, Adventure, Supernatural, ",Beginner,low,19932,19152,780,RPG,"Action, Adventure",,2D,,,
game,UNCHARTED™: Legacy of Thieves Collection,595,595,"Adventure, Action-Adventure, Story Rich, Singleplayer, Third Person, Third-Person Shooter, Action, Puzzle, Controller, Shooter, Exploration, Multiplayer, Parkour, Stealth, Atmospheric, Cinematic, Female Protagonist, Combat, Funny, Platformer, ",Intermediate,normal,18109,16194,1915,,"Adventure, Action",Third Person,,"Singleplayer, Multiplayer",,
game,Sunkenland,262,66,"Early Access, Open World Survival Craft, Co-op, Survival, Underwater, Base Building, Crafting, Multiplayer, Adventure, Exploration, Open World, FPS, Sandbox, PvE, Post-apocalyptic, Shooter, Realistic, Action, Trading, 3D, ",Beginner,low,13996,11739,2257,,"Co-op, Survival, Adventure, Action",,3D,Multiplayer,,
